{"Nathan": [{"date": "2020-03-13 09:38:07.087789", "duree": "0:00:01.861623", "level": 1, "actual_dotation": 20, "mise": 10, "gain": 20, "nb_coup": 1, "essais": [2]}], "Roger": [{"date": "2020-03-13 09:52:59.174542", "duree": "0:00:04.044175", "level": "1", "actual_dotation": "6", "mise": "4", "gain": "0", "nb_coup": "3", "essais": [5, 1, 2]}], "Tyrael": [{"date": "2020-03-13 09:59:42.358363", "duree": "0:00:02.251001", "level": "1", "actual_dotation": "15", "mise": "5", "gain": "10", "nb_coup": "1", "essais": [4]}, {"date": "2020-03-13 10:00:02.123914", "duree": "0:00:05.607318", "level": "2", "actual_dotation": "9", "mise": "6", "gain": "0", "nb_coup": "3", "essais": [10, 15, 20]}], "Michel": [{"date": "2020-03-13 10:01:52.722461", "duree": "0:00:04.632411", "level": "1", "actual_dotation": "5.0", "mise": "10", "gain": "5.0", "nb_coup": "2", "essais": [4, 2]}], "Aenerel": [{"date": "2020-03-13 10:02:18.463882", "duree": "0:00:01.227764", "level": "1", "actual_dotation": "14", "mise": "4", "gain": "8", "nb_coup": "1", "essais": [6]}, {"date": "2020-03-13 10:02:25.660590", "duree": "0:00:02.815702", "level": "2", "actual_dotation": "11.5", "mise": "5", "gain": "2.5", "nb_coup": "2", "essais": [4, 6]}], "Charlie": [{"date": "2020-03-13 10:02:55.694541", "duree": "0:00:02.655580", "level": "1", "actual_dotation": "7.5", "mise": "5", "gain": "2.5", "nb_coup": "2", "essais": [5, 6]}, {"date": "2020-03-13 10:03:00.830834", "duree": "0:00:01.336332", "level": "2", "actual_dotation": "9.5", "mise": "2", "gain": "4", "nb_coup": "1", "essais": [7]}], "Henry": [{"date": "2020-03-13 10:06:19.937229", "duree": "0:00:12.811863", "level": "1", "actual_dotation": "5", "mise": "5", "gain": "0", "nb_coup": "3", "essais": [5, 8, 7]}, {"date": "2020-03-13 10:06:30.359686", "duree": "0:00:03.340365", "level": "2", "actual_dotation": "7", "mise": "2", "gain": "4", "nb_coup": "1", "essais": [14]}], "Jacques": [{"date": "2020-03-13 10:07:12.037608", "duree": "0:00:02.076794", "level": "1", "actual_dotation": "7.5", "mise": "5", "gain": "2.5", "nb_coup": "2", "essais": [2, 4]}, {"date": "2020-03-13 10:07:19.214400", "duree": "0:00:04.407116", "level": "2", "actual_dotation": "6.5", "mise": "1", "gain": "0", "nb_coup": "3", "essais": [6, 8, 16]}], "Popo": [{"date": "2020-03-13 10:08:55.205078", "duree": "0:00:02.896601", "level": "1", "actual_dotation": "8.0", "mise": "4", "gain": "2.0", "nb_coup": "2", "essais": [5, 9]}, {"date": "2020-03-13 10:09:02.954751", "duree": "0:00:02.953522", "level": "2", "actual_dotation": "6.0", "mise": "4", "gain": "2.0", "nb_coup": "2", "essais": [15, 18]}], "Lulu": [{"date": "2020-03-13 10:10:18.294566", "duree": "0:00:03.400180", "level": "1", "actual_dotation": "6", "mise": "4", "gain": "0", "nb_coup": "3", "essais": [5, 1, 3]}, {"date": "2020-03-13 10:10:23.974661", "duree": "0:00:02.808368", "level": "2", "actual_dotation": "4.0", "mise": "4", "gain": "2.0", "nb_coup": "2", "essais": [10, 8]}], "Theo": [{"date": "2020-03-13 10:10:48.677991", "duree": "0:00:02.944196", "level": "1", "actual_dotation": "6", "mise": "4", "gain": "0", "nb_coup": "3", "essais": [5, 8, 10]}, {"date": "2020-03-13 10:10:54.952769", "duree": "0:00:02.147314", "level": "2", "actual_dotation": "5.0", "mise": "2", "gain": "1.0", "nb_coup": "2", "essais": [10, 15]}], "Hiro": [{"date": "2020-03-13 10:13:55.125473", "duree": "0:00:02.073126", "level": "1", "actual_dotation": "12", "mise": "2", "gain": "4", "nb_coup": "1", "essais": [2]}], "Tyri": [{"date": "2020-03-13 10:15:50.024274", "duree": "0:00:01.989143", "level": "1", "actual_dotation": "8.0", "mise": "4", "gain": "2.0", "nb_coup": "2", "essais": [2, 1]}, {"date": "2020-03-13 10:15:57.172076", "duree": "0:00:04.237143", "level": "2", "actual_dotation": "0.0", "mise": "8", "gain": "0", "nb_coup": "3", "essais": [7, 14, 18]}], "Isildur": [{"date": "2020-03-13 10:16:23.588936", "duree": "0:00:01.262146", "level": "1", "actual_dotation": "14", "mise": "4", "gain": "8", "nb_coup": "1", "essais": [5]}, {"date": "2020-03-13 10:16:31.146751", "duree": "0:00:04.324164", "level": "2", "actual_dotation": "13.0", "mise": "2", "gain": "1.0", "nb_coup": "2", "essais": [5, 2]}], "Laura": [{"date": "2020-03-13 10:17:25.998525", "duree": "0:00:01.114778", "level": "1", "actual_dotation": "14", "mise": "4", "gain": "8", "nb_coup": "1", "essais": [8]}, {"date": "2020-03-13 10:17:32.608780", "duree": "0:00:02.966997", "level": "2", "actual_dotation": "12.5", "mise": "3", "gain": "1.5", "nb_coup": "2", "essais": [20, 19]}], "Thea": [{"date": "2020-03-13 10:19:22.282585", "duree": "0:00:01.875663", "level": "1", "actual_dotation": "8.0", "mise": "4", "gain": "2.0", "nb_coup": "2", "essais": [5, 3]}, {"date": "2020-03-13 10:19:27.000468", "duree": "0:00:01.157776", "level": "2", "actual_dotation": "12.0", "mise": "4", "gain": "8", "nb_coup": "1", "essais": [15]}], "maurice": [{"date": "2020-03-13 10:19:50.846362", "duree": "0:00:02.108137", "level": "1", "actual_dotation": "8.0", "mise": "4", "gain": "2.0", "nb_coup": "2", "essais": [5, 10]}, {"date": "2020-03-13 10:19:55.134973", "duree": "0:00:01.491081", "level": "2", "actual_dotation": "13.0", "mise": "5", "gain": "10", "nb_coup": "1", "essais": [20]}], "Bob": [{"date": "2020-03-13 10:22:59.644535", "duree": "0:00:02.654744", "level": "1", "actual_dotation": "8.0", "mise": "4", "gain": "2.0", "nb_coup": "2", "essais": [5, 2]}, {"date": "2020-03-13 10:23:04.205049", "duree": "0:00:01.542507", "level": "2", "actual_dotation": "14.0", "mise": "6", "gain": "12", "nb_coup": "1", "essais": [1]}], "Charles": [{"date": "2020-03-13 10:24:17.875326", "duree": "0:00:01.038599", "level": "1", "actual_dotation": "14", "mise": "4", "gain": "8", "nb_coup": "1", "essais": [6]}], "Kylian": [{"date": "2020-03-13 10:27:16.110663", "duree": "0:00:01.908759", "level": "1", "actual_dotation": "8.0", "mise": "4", "gain": "2.0", "nb_coup": "2", "essais": [5, 7]}, {"date": "2020-03-13 10:27:25.938328", "duree": "0:00:05.461449", "level": "2", "actual_dotation": "6.0", "mise": "2", "gain": "0", "nb_coup": "3", "essais": [15, 16, 17]}], "jean": [{"date": "2020-03-13 10:29:11.007616", "duree": "0:00:04.360990", "level": "1", "actual_dotation": "9.0", "mise": "2", "gain": "1.0", "nb_coup": "2", "essais": [3, 5]}, {"date": "2020-03-13 10:29:19.334747", "duree": "0:00:03.337284", "level": "2", "actual_dotation": "8.0", "mise": "2", "gain": "1.0", "nb_coup": "2", "essais": [10, 5]}], "jiji": [{"date": "2020-03-13 10:52:07.330069", "duree": "0:00:02.872439", "level": "1", "actual_dotation": "6", "mise": "4", "gain": "0", "nb_coup": "3", "essais": [5, 8, 10]}, {"date": "2020-03-13 10:52:18.850954", "duree": "0:00:07.119037", "level": "2", "actual_dotation": "5.0", "mise": "2", "gain": "1.0", "nb_coup": "2", "essais": [10, 17]}], "ada": [{"date": "2020-03-13 10:54:37.889686", "duree": "0:00:02.129534", "level": "1", "actual_dotation": "8.0", "mise": "4", "gain": "2.0", "nb_coup": "2", "essais": [5, 8]}, {"date": "2020-03-13 10:54:58.911772", "duree": "0:00:17.278791", "level": "2", "actual_dotation": "3.0", "mise": "5", "gain": "0", "nb_coup": "3", "essais": [10, 15, 20]}], "beber": [{"date": "2020-03-13 10:55:22.035025", "duree": "0:00:02.988477", "level": "1", "actual_dotation": "8.0", "mise": "4", "gain": "2.0", "nb_coup": "2", "essais": [5, 8]}, {"date": "2020-03-13 10:55:36.418728", "duree": "0:00:11.072514", "level": "2", "actual_dotation": "6.0", "mise": "2", "gain": "0", "nb_coup": "3", "essais": [10, 5, 7]}], "olivier": [{"date": "2020-03-13 10:57:03.830094", "duree": "0:00:04.066232", "level": "1", "actual_dotation": "6", "mise": "4", "gain": "0", "nb_coup": "3", "essais": [5, 2, 3]}, {"date": "2020-03-13 10:57:21.819022", "duree": "0:00:15.539381", "level": "2", "actual_dotation": "4", "mise": "2", "gain": "0", "nb_coup": "3", "essais": [10, 8, 9]}], "Gertrude": [{"date": "2020-03-13 11:01:29.123667", "duree": "0:00:08.676167", "level": "1", "actual_dotation": "6", "mise": "4", "gain": "0", "nb_coup": "3", "essais": [5, 8, 10]}, {"date": "2020-03-13 11:02:16.294791", "duree": "0:00:09.345088", "level": "2", "actual_dotation": "3", "mise": "3", "gain": "0", "nb_coup": "4", "essais": [10, 15, 17, 16]}], "Mireille": [{"date": "2020-03-13 11:02:58.256701", "duree": "0:00:03.422315", "level": "1", "actual_dotation": "8.0", "mise": "4", "gain": "2.0", "nb_coup": "2", "essais": [5, 10]}, {"date": "2020-03-13 11:03:40.389695", "duree": "0:00:07.522107", "level": "2", "actual_dotation": "6.0", "mise": "2", "gain": "0", "nb_coup": "4", "essais": [10, 15, 12, 11]}], "Irvin": [{"date": "2020-03-13 11:04:27.848649", "duree": "0:00:02.356649", "level": "1", "actual_dotation": "8.0", "mise": "4", "gain": "2.0", "nb_coup": "2", "essais": [5, 7]}, {"date": "2020-03-13 11:04:34.989268", "duree": "0:00:02.784499", "level": "2", "actual_dotation": "13.0", "mise": "5", "gain": "10", "nb_coup": "1", "essais": [16]}], "Zac": [{"date": "2020-03-13 11:05:05.769724", "duree": "0:00:01.537587", "level": "1", "actual_dotation": "14", "mise": "4", "gain": "8", "nb_coup": "1", "essais": [5]}, {"date": "2020-03-13 11:05:14.026721", "duree": "0:00:04.040742", "level": "2", "actual_dotation": "9", "mise": "5", "gain": "0", "nb_coup": "3", "essais": [10, 15, 12]}], "Jax": [{"date": "2020-03-13 11:05:57.875470", "duree": "0:00:02.600846", "level": "1", "actual_dotation": "6", "mise": "4", "gain": "0", "nb_coup": "3", "essais": [5, 3, 4]}, {"date": "2020-03-13 11:06:08.904861", "duree": "0:00:06.081052", "level": "2", "actual_dotation": "1", "mise": "5", "gain": "0", "nb_coup": "3", "essais": [10, 5, 6]}], "machin": [{"date": "2020-03-13 11:06:46.307431", "duree": "0:00:01.682740", "level": "1", "actual_dotation": "9.0", "mise": "2", "gain": "1.0", "nb_coup": "2", "essais": [5, 3]}, {"date": "2020-03-13 11:06:52.349305", "duree": "0:00:01.207732", "level": "2", "actual_dotation": "14.0", "mise": "5", "gain": "10", "nb_coup": "1", "essais": [13]}], "777": [{"date": "2020-03-13 11:07:47.114906", "duree": "0:00:01.068070", "level": "1", "actual_dotation": "14", "mise": "4", "gain": "8", "nb_coup": "1", "essais": [9]}, {"date": "2020-03-13 11:07:51.587735", "duree": "0:00:01.406943", "level": "2", "actual_dotation": "24", "mise": "10", "gain": "20", "nb_coup": "1", "essais": [20]}], "yth": [{"date": "2020-03-13 11:08:11.293942", "duree": "0:00:01.090455", "level": "1", "actual_dotation": "14", "mise": "4", "gain": "8", "nb_coup": "1", "essais": [1]}], "dazda": [{"date": "2020-03-13 11:09:25.357729", "duree": "0:00:00.991577", "level": "1", "actual_dotation": "14", "mise": "4", "gain": "8", "nb_coup": "1", "essais": [2]}], "dude": [{"date": "2020-03-13 11:09:47.736033", "duree": "0:00:01.190205", "level": "1", "actual_dotation": "14", "mise": "4", "gain": "8", "nb_coup": "1", "essais": [3]}], "Henri": [{"date": "2020-03-13 11:10:10.509387", "duree": "0:00:02.317471", "level": "1", "actual_dotation": "7.5", "mise": "5", "gain": "2.5", "nb_coup": "2", "essais": [5, 6]}, {"date": "2020-03-13 11:10:15.811679", "duree": "0:00:01.104257", "level": "2", "actual_dotation": "12.5", "mise": "5", "gain": "10", "nb_coup": "1", "essais": [20]}], "thierry": [{"date": "2020-03-13 11:11:04.391338", "duree": "0:00:01.124162", "level": "1", "actual_dotation": "14", "mise": "4", "gain": "8", "nb_coup": "1", "essais": [6]}], "zefezf": [{"date": "2020-03-13 11:11:53.772105", "duree": "0:00:01.114272", "level": "1", "actual_dotation": "14", "mise": "4", "gain": "8", "nb_coup": "1", "essais": [3]}], "hamza": [{"date": "2020-03-13 11:12:11.709208", "duree": "0:00:01.188223", "level": "1", "actual_dotation": "14", "mise": "4", "gain": "8", "nb_coup": "1", "essais": [3]}], "iki": [{"date": "2020-03-13 11:12:32.668358", "duree": "0:00:02.369187", "level": "1", "actual_dotation": "14", "mise": "4", "gain": "8", "nb_coup": "1", "essais": [10]}], "pipupo": [{"date": "2020-03-13 11:59:29.220065", "duree": "0:00:02.736465", "level": "1", "actual_dotation": "14", "mise": "2", "gain": "4", "nb_coup": "1", "essais": [5]}], "python": [{"date": "2020-03-13 12:14:24.705472", "duree": "0:00:12.762850", "level": "1", "actual_dotation": "8", "mise": "2", "gain": "-2", "nb_coup": "5", "essais": [5, 3, 8, 6, 7]}], "Oui-Oui": [{"date": "2020-03-13 12:15:34.053598", "duree": "0:00:01.739579", "level": "1", "actual_dotation": "14", "mise": "2", "gain": "4", "nb_coup": "1", "essais": [5]}, {"date": "2020-03-13 12:16:02.360339", "duree": "0:00:17.336287", "level": "2", "actual_dotation": "4", "mise": "10", "gain": "-10", "nb_coup": "7", "essais": [10, 10, 10, 10, 10, 10, 15, 15]}], "tutu": [{"date": "2020-03-13 14:34:31.123493", "duree": "0:00:09.043654", "level": "1", "actual_dotation": "6", "mise": "4", "gain": "-4", "nb_coup": "4", "essais": [5, 8, 9, 10]}, {"date": "2020-03-13 14:34:52.649516", "duree": "0:00:10.797672", "level": "2", "actual_dotation": "4", "mise": "2", "gain": "-2", "nb_coup": "5", "essais": [10, 5, 8, 6, 7]}], "pok": [{"date": "2020-03-13 14:54:18.996486", "duree": "0:00:12.207433", "level": "1", "actual_dotation": "14", "mise": "2", "gain": "4", "nb_coup": "1", "essais": [2]}]}